precision,recall,duration,f1,loss
1.0,1.0,10.959479093551636,1.0,0.6906054615974426
