precision,recall,duration,f1,loss
1.0,1.0,33.980666160583496,1.0,0.2767025828361511
