precision,recall,duration,f1,loss
1.0,1.0,30.449415683746338,1.0,0.28063732385635376
