precision,recall,duration,f1,loss
0.0,0.0,8.963587760925293,0.0,0.7422806024551392
