precision,recall,duration,f1,loss
0.0,0.0,6.349947214126587,0.0,0.7044052481651306
