precision,recall,duration,f1,loss
0.0,0.0,8.795623064041138,0.0,0.7067645192146301
