precision,recall,duration,f1,loss
0.0,0.0,8.471479892730713,0.0,0.7319093346595764
