precision,recall,duration,f1,loss
0.0,0.0,6.330306529998779,0.0,0.6953883767127991
