precision,recall,duration,f1,loss
0.0,0.0,9.000500440597534,0.0,0.7430391311645508
