precision,recall,duration,f1,loss
0.0,0.0,6.250663995742798,0.0,0.7105979919433594
