precision,recall,duration,f1,loss
0.0,0.0,6.543487310409546,0.0,0.7119081020355225
