precision,recall,duration,f1,loss
0.0,0.0,6.373196601867676,0.0,0.7358046174049377
