precision,recall,duration,f1,loss
0.0,0.0,8.829240322113037,0.0,0.7122204899787903
