precision,recall,duration,f1,loss
0.5,1.0,13.334935188293457,0.6666666666666666,0.6451133489608765
