precision,recall,duration,f1,loss
0.5555555555555556,1.0,18.326098203659058,0.7142857142857143,0.6499674916267395
