precision,recall,duration,f1,loss
0.6470588235294118,1.0,13.12202787399292,0.7857142857142857,0.6497942209243774
