precision,recall,duration,f1,loss
0.625,1.0,17.308452606201172,0.7692307692307693,0.7115891575813293
