precision,recall,duration,f1,loss
0.6551724137931034,1.0,17.37292504310608,0.7916666666666666,0.6829777359962463
