precision,recall,duration,f1,loss
0.5714285714285714,1.0,12.078705787658691,0.7272727272727273,0.6782149076461792
