precision,recall,duration,f1,loss
0.6129032258064516,1.0,12.207365274429321,0.76,0.705829381942749
