precision,recall,duration,f1,loss
0.5862068965517241,1.0,14.253896951675415,0.7391304347826086,0.6615675687789917
