precision,recall,duration,f1,loss
0.6875,1.0,15.575276136398315,0.8148148148148148,0.6829137206077576
