precision,recall,duration,f1,loss
0.5294117647058824,1.0,15.139626026153564,0.6923076923076923,0.6616625189781189
